"","Team","Team.Score","Opponent.Score","Team.Score.Mean","Opponent.Score.Mean","Team.Score.Var","Opponent.Score.Var","Loss","Win","WinRatio","Matches"
"1","Abilene Chr",4190,4414,67.5806451612903,71.1935483870968,361.755684822845,174.027498677948,41,21,0.338709677419355,62
"2","Adams St",113,147,56.5,73.5,112.5,40.5,2,0,0,2
"3","Air Force",5891,5935,66.9431818181818,67.4431818181818,150.467998955068,162.73236677116,47,41,0.465909090909091,88
"4","AK Anchorage",406,428,67.6666666666667,71.3333333333333,141.466666666667,254.666666666667,5,1,0.166666666666667,6
"5","Akron",6790,6275,69.2857142857143,64.030612244898,109.896907216495,123.225857353251,33,65,0.663265306122449,98
"6","Alabama",6199,5988,65.9468085106383,63.7021276595745,132.69606497369,160.899565316861,44,50,0.531914893617021,94
"7","Alabama A&M",5401,5907,62.8023255813954,68.6860465116279,121.383994528044,115.017920656635,55,31,0.36046511627907,86
"8","Alabama St",6153,6206,68.3666666666667,68.9555555555555,146.998876404494,150.469912609238,43,47,0.522222222222222,90
"9","Albany NY",6346,5971,65.4226804123711,61.5567010309278,101.059063573883,83.9576890034364,32,65,0.670103092783505,97
"10","Albertus Magnus",82,85,82,85,0,0,1,0,0,1
"11","Albion",113,160,56.5,80,264.5,18,2,0,0,2
"12","Alcorn St",5886,6530,62.6170212765957,69.468085106383,146.819492107069,169.90757263784,67,27,0.287234042553192,94
"13","Alfred St",29,107,29,107,0,0,1,0,0,1
"14","AL Huntsville",73,79,73,79,0,0,1,0,0,1
"15","Alice Lloyd",119,225,59.5,112.5,12.5,144.5,2,0,0,2
"16","Allen",146,241,48.6666666666667,80.3333333333333,6.33333333333333,158.333333333333,3,0,0,3
"17","Alma",64,106,64,106,0,0,1,0,0,1
"18","American Univ",5719,5725,60.2,60.2631578947368,109.565957446809,101.940649496081,48,47,0.494736842105263,95
"19","Anderson IN",130,165,65,82.5,18,144.5,2,0,0,2
"20","Appalachian St",5793,6176,67.3604651162791,71.8139534883721,152.680300957592,120.459097127223,53,33,0.383720930232558,86
"21","Aquinas",116,196,58,98,2,242,2,0,0,2
"22","Arizona",7285,5973,74.3367346938775,60.9489795918367,116.205028403114,139.574689669682,14,84,0.857142857142857,98
"23","Arizona Chr",78,85,78,85,0,0,1,0,0,1
"24","Arizona St",6802,6368,71.6,67.0315789473684,143.710638297872,156.052183650616,37,58,0.610526315789474,95
"25","Arkansas",7507,6792,77.3917525773196,70.020618556701,195.886597938144,151.874570446735,31,66,0.680412371134021,97
"26","Arkansas-FS",134,176,67,88,98,0,2,0,0,2
"27","Arkansas St",6228,6093,69.9775280898876,68.4606741573034,153.431307456588,166.069458631256,42,47,0.528089887640449,89
"28","Arkansas Tech",57,94,57,94,0,0,1,0,0,1
"29","Ark Little Rock",6416,6584,68.989247311828,70.7956989247312,138.902057035998,144.990416082281,49,44,0.473118279569892,93
"30","Ark Monticello",201,242,67,80.6666666666667,49,12.3333333333333,3,0,0,3
"31","Ark Pine Bluff",5749,6326,61.8172043010753,68.0215053763441,141.020570359981,129.195184665732,52,41,0.440860215053763,93
"32","Arlington Bap",205,286,68.3333333333333,95.3333333333333,214.333333333333,192.333333333333,3,0,0,3
"33","Army",6563,6496,72.1208791208791,71.3846153846154,113.351892551893,141.328205128205,46,45,0.494505494505495,91
"34","Asbury",68,102,68,102,0,0,1,0,0,1
"35","Auburn",6534,6808,68.0625,70.9166666666667,154.964473684211,188.477192982456,58,38,0.395833333333333,96
"36","Auburn M'gomery",175,277,58.3333333333333,92.3333333333333,44.3333333333333,184.333333333333,3,0,0,3
"37","Aurora",56,86,56,86,0,0,1,0,0,1
"38","Austin Col",52,100,52,100,0,0,1,0,0,1
"39","Austin Peay",6246,6801,70.1797752808989,76.4157303370787,110.740040858018,134.677477017365,63,26,0.292134831460674,89
"40","Ave Maria",186,268,46.5,67,77.6666666666667,332.666666666667,4,0,0,4
"41","Averett",53,79,53,79,0,0,1,0,0,1
"42","Avila",99,171,49.5,85.5,220.5,4.5,2,0,0,2
"43","Bacone",63,90,63,90,0,0,1,0,0,1
"44","Baker KS",32,59,32,59,0,0,1,0,0,1
"45","Ball St",5748,6192,65.3181818181818,70.3636363636364,178.771159874608,139.935214211076,62,26,0.295454545454545,88
"46","Bap Bible PA",110,176,55,88,128,512,2,0,0,2
"47","Barber-Scotia",261,503,52.2,100.6,63.2,40.3,5,0,0,5
"48","Baruch",49,88,49,88,0,0,1,0,0,1
"49","Baylor",7127,6384,72.7244897959184,65.1428571428571,133.541868293709,129.711340206186,33,65,0.663265306122449,98
"50","Belhaven MS",130,169,65,84.5,18,220.5,2,0,0,2
"51","Belmont",7184,6501,77.247311827957,69.9032258064516,151.383824216924,144.175315568022,25,68,0.731182795698925,93
"52","Berea",63,68,63,68,0,0,1,0,0,1
"53","Berry",70,91,70,91,0,0,1,0,0,1
"54","Bethel TN",212,288,70.6666666666667,96,97.3333333333333,31,3,0,0,3
"55","Bethesda",183,318,45.75,79.5,108.916666666667,89.6666666666667,4,0,0,4
"56","Bethune-Cookman",5797,6222,62.3333333333333,66.9032258064516,168.920289855072,113.914446002805,65,28,0.301075268817204,93
"57","Binghamton",5236,6222,58.1777777777778,69.1333333333333,133.203995006242,101.712359550562,75,15,0.166666666666667,90
"58","B Jones",67,94,67,94,0,0,1,0,0,1
"59","Black Hills St",127,162,63.5,81,4.5,8,2,0,0,2
"60","Bluefield VA",244,368,61,92,40.6666666666667,86,4,0,0,4
"61","Bluefield WV",204,311,68,103.666666666667,229,241.333333333333,3,0,0,3
"62","Blue Mtn",59,76,59,76,0,0,1,0,0,1
"63","Bluffton",53,92,53,92,0,0,1,0,0,1
"64","Bob Jones",130,276,43.3333333333333,92,34.3333333333333,181,3,0,0,3
"65","Boise St",6984,6258,72.75,65.1875,153.389473684211,138.932894736842,31,65,0.677083333333333,96
"66","Boston College",6375,6624,67.1052631578947,69.7263157894737,90.1164613661814,112.583874580067,59,36,0.378947368421053,95
"67","Boston Univ",6439,6232,69.2365591397849,67.010752688172,114.030388031791,130.880317905563,39,54,0.580645161290323,93
"68","Bowling Green",5980,5913,64.3010752688172,63.5806451612903,116.169237961664,138.224403927069,49,44,0.473118279569892,93
"69","Bradley",5994,6223,62.4375,64.8229166666667,123.743421052632,113.368311403509,59,37,0.385416666666667,96
"70","Brescia",356,575,59.3333333333333,95.8333333333333,104.666666666667,36.9666666666667,6,0,0,6
"71","Brevard",260,351,65,87.75,42,156.916666666667,4,0,0,4
"72","Brewton-Parker",137,160,68.5,80,12.5,50,2,0,0,2
"73","Bridgewater VA",86,112,86,112,0,0,1,0,0,1
"74","Bristol",308,477,61.6,95.4,140.8,86.8,5,0,0,5
"75","Brown",5725,5793,66.5697674418605,67.3604651162791,117.30683994528,111.174418604651,46,40,0.465116279069767,86
"76","Bryant",6632,6540,71.3118279569892,70.3225806451613,150.32561944834,124.460028050491,40,53,0.56989247311828,93
"77","Bucknell",6337,5985,67.4148936170213,63.6702127659574,98.976549988561,107.96533973919,33,61,0.648936170212766,94
"78","Buffalo",6494,6176,71.3626373626374,67.8681318681319,119.2336996337,105.071306471306,39,52,0.571428571428571,91
"79","Butler",6411,5926,68.9354838709677,63.7204301075269,135.104488078541,124.007947639084,34,59,0.634408602150538,93
"80","BYU",7988,7166,81.5102040816327,73.1224489795918,150.932884494004,160.376604249947,30,68,0.693877551020408,98
"81","Cairn",48,107,48,107,0,0,1,0,0,1
"82","Caldwell",134,141,67,70.5,32,684.5,1,1,0.5,2
"83","California",6536,6362,68.8,66.9684210526316,127.608510638298,132.79686450168,38,57,0.6,95
"84","Cal Lutheran",61,76,61,76,0,0,1,0,0,1
"85","Cal Maritime",41,78,41,78,0,0,1,0,0,1
"86","Cal Poly SLO",5540,5490,62.9545454545455,62.3863636363636,96.2507836990596,122.860501567398,47,41,0.465909090909091,88
"87","Cal St-LA",67,77,67,77,0,0,1,0,0,1
"88","Cameron",245,298,61.25,74.5,32.9166666666667,57.6666666666667,4,0,0,4
"89","Campbell",6125,6466,66.5760869565217,70.2826086956522,140.576564739608,123.765408504539,60,32,0.347826086956522,92
"90","Campbellsville",123,151,61.5,75.5,84.5,24.5,2,0,0,2
"91","Canisius",6665,6404,71.6666666666667,68.8602150537634,142.311594202899,144.947639083684,38,55,0.591397849462366,93
"92","Capital",46,69,46,69,0,0,1,0,0,1
"93","Carroll MT",267,400,53.4,80,36.8,17,5,0,0,5
"94","Case Western",65,88,65,88,0,0,1,0,0,1
"95","Catawba",121,187,60.5,93.5,144.5,60.5,2,0,0,2
"96","Catholic",141,189,70.5,94.5,40.5,112.5,2,0,0,2
"97","Cedarville",116,147,58,73.5,0,60.5,2,0,0,2
"98","Cent Arkansas",6075,6887,71.4705882352941,81.0235294117647,234.918767507003,162.285154061625,64,21,0.247058823529412,85
"99","Centenary",187,324,62.3333333333333,108,33.3333333333333,39,3,0,0,3
"100","Cent Methodist",58,90,58,90,0,0,1,0,0,1
"101","Central Bap",244,369,61,92.25,95.3333333333333,318.916666666667,4,0,0,4
"102","Central Conn",6137,6803,67.4395604395604,74.7582417582418,115.426862026862,135.185347985348,62,29,0.318681318681319,91
"103","Central Penn",650,1010,72.2222222222222,112.222222222222,34.4444444444444,115.944444444444,9,0,0,9
"104","Chadron St",42,87,42,87,0,0,1,0,0,1
"105","Chaminade",586,753,73.25,94.125,94.7857142857143,254.410714285714,8,0,0,8
"106","Champion Bap",424,896,53,112,644.857142857143,67.7142857142857,8,0,0,8
"107","Chapman",36,87,36,87,0,0,1,0,0,1
"108","Charleston So",6522,5977,75.8372093023256,69.5,248.86730506156,164.911764705882,40,46,0.534883720930233,86
"109","Charlotte",6617,6559,71.1505376344086,70.5268817204301,114.064048620851,155.83894343151,42,51,0.548387096774194,93
"110","Chattanooga",6689,6601,71.9247311827957,70.9784946236559,188.352968676952,155.282141187471,42,51,0.548387096774194,93
"111","Chestnut Hill",67,75,67,75,0,0,1,0,0,1
"112","Cheyney St",68,90,68,90,0,0,1,0,0,1
"113","Chicago St",5704,6382,63.3777777777778,70.9111111111111,161.361298377029,161.115605493134,64,26,0.288888888888889,90
"114","Chowan",232,333,58,83.25,88.6666666666667,237.583333333333,3,1,0.25,4
"115","Cincinnati",6359,5527,66.2395833333333,57.5729166666667,177.994627192982,69.1735745614035,26,70,0.729166666666667,96
"116","Cincinnati Chr",267,353,66.75,88.25,110.25,57.5833333333333,4,0,0,4
"117","Cin Clermont",103,222,51.5,111,4.5,32,2,0,0,2
"118","Citadel",5846,6535,64.9555555555555,72.6111111111111,146.177777777778,106.083021223471,66,24,0.266666666666667,90
"119","City Col NY",60,99,60,99,0,0,1,0,0,1
"120","Claflin",70,75,70,75,0,0,1,0,0,1
"121","Clayton St",46,59,46,59,0,0,1,0,0,1
"122","Clearwater Chr",54,106,54,106,0,0,1,0,0,1
"123","Clemson",5809,5573,62.4623655913978,59.9247311827957,117.446937821412,113.766012155213,44,49,0.526881720430108,93
"124","Cleveland St",6305,6115,67.7956989247312,65.752688172043,156.251285647499,132.144693782141,43,50,0.537634408602151,93
"125","C Michigan",6615,6476,72.6923076923077,71.1648351648352,213.504273504273,144.272527472527,48,43,0.472527472527473,91
"126","Coastal Car",6452,5988,70.1304347826087,65.0869565217391,114.861920688008,152.190157668419,36,56,0.608695652173913,92
"127","Coast Guard",96,161,48,80.5,0,312.5,2,0,0,2
"128","Coe",52,86,52,86,0,0,1,0,0,1
"129","Coker",106,146,53,73,2,50,2,0,0,2
"130","Col Charleston",5920,5966,62.3157894736842,62.8,142.431131019037,116.651063829787,50,45,0.473684210526316,95
"131","Colgate",6368,6438,66.3333333333333,67.0625,135.80350877193,118.711842105263,56,40,0.416666666666667,96
"132","College of Faith",65,123,65,123,0,0,1,0,0,1
"133","Colorado",6640,6371,69.1666666666667,66.3645833333333,203.550877192982,135.244627192982,38,58,0.604166666666667,96
"134","Colorado Chr",230,339,57.5,84.75,141.666666666667,168.916666666667,4,0,0,4
"135","Colorado Col",57,96,57,96,0,0,1,0,0,1
"136","Colorado St",6833,6159,72.6914893617021,65.5212765957447,129.097346145047,116.424273621597,29,65,0.691489361702128,94
"137","Col Springs",70,99,70,99,0,0,1,0,0,1
"138","Columbia",5530,5295,65.0588235294118,62.2941176470588,151.627450980392,120.638655462185,43,42,0.494117647058824,85
"139","Columbia Intl",206,384,51.5,96,22.3333333333333,124.666666666667,4,0,0,4
"140","Columbus St",56,76,56,76,0,0,1,0,0,1
"141","Concordia AL",79,70,79,70,0,0,0,1,1,1
"142","Concordia MI",152,292,50.6666666666667,97.3333333333333,81.3333333333333,6.33333333333333,3,0,0,3
"143","Concordia OR",122,181,61,90.5,8,24.5,2,0,0,2
"144","Concordia SP",59,64,59,64,0,0,1,0,0,1
"145","Connecticut",6721,6141,68.5816326530612,62.6632653061224,152.596360193562,112.184409846413,32,66,0.673469387755102,98
"146","Coppin St",6309,7071,67.8387096774194,76.0322580645161,167.41935483871,189.727208976157,66,27,0.290322580645161,93
"147","Corban",62,86,62,86,0,0,1,0,0,1
"148","Cornell",5600,6117,63.6363636363636,69.5113636363636,142.394984326019,156.298719958203,61,27,0.306818181818182,88
"149","Covenant",56,119,56,119,0,0,1,0,0,1
"150","Creighton",7212,6416,74.3505154639175,66.1443298969072,172.334192439863,98.8122852233677,33,64,0.65979381443299,97
"151","Crowley's Ridge",255,336,63.75,84,238.25,128.666666666667,4,0,0,4
"152","CS Bakersfield",6014,6028,66.0879120879121,66.2417582417582,158.458852258852,142.20757020757,54,37,0.406593406593407,91
"153","CS Dom. Hills",99,157,49.5,78.5,0.5,84.5,2,0,0,2
"154","CS Fullerton",6275,6551,68.956043956044,71.989010989011,170.442490842491,127.5221001221,59,32,0.351648351648352,91
"155","CS Northridge",6957,7214,71.7216494845361,74.3711340206186,155.119630584192,108.089991408935,59,38,0.391752577319588,97
"156","CS Sacramento",5969,5959,67.8295454545455,67.7159090909091,112.786703239289,128.182732497388,42,46,0.522727272727273,88
"157","CSU East Bay",96,157,48,78.5,18,4.5,2,0,0,2
"158","Dakota St",62,88,62,88,0,0,1,0,0,1
"159","Dallas Bap",108,150,54,75,2,72,2,0,0,2
"160","Dallas Chr",113,196,56.5,98,312.5,200,2,0,0,2
"161","Dalton St",118,178,59,89,8,32,2,0,0,2
"162","Daniel Webster",97,193,48.5,96.5,4.5,60.5,2,0,0,2
"163","Dartmouth",5307,5408,63.9397590361446,65.1566265060241,125.740229209521,100.523949456362,49,34,0.409638554216867,83
"164","Davidson",7105,6265,77.2282608695652,68.0978260869565,161.518752986144,208.133182035356,26,66,0.717391304347826,92
"165","Dayton",6831,6236,71.15625,64.9583333333333,111.291118421053,114.777192982456,31,65,0.677083333333333,96
"166","Defiance",66,87,66,87,0,0,1,0,0,1
"167","Delaware",6840,6876,72,72.3789473684211,134.276595744681,98.4718924972004,42,53,0.557894736842105,95
"168","Delaware St",5937,6262,63.8387096774194,67.3333333333333,199.028050490884,192.13768115942,55,38,0.408602150537634,93
"169","Denver",5804,5488,64.4888888888889,60.9777777777778,135.286392009988,117.90961298377,41,49,0.544444444444444,90
"170","DePaul",6737,7174,70.1770833333333,74.7291666666667,118.54725877193,118.094298245614,61,35,0.364583333333333,96
"171","Detroit",6865,6683,73.031914893617,71.0957446808511,145.149508121711,139.958476321208,48,46,0.48936170212766,94
"172","Dickinson St ND",48,78,48,78,0,0,1,0,0,1
"173","Dillard",363,531,60.5,88.5,125.5,170.7,6,0,0,6
"174","Drake",6026,6307,66.2197802197802,69.3076923076923,156.017826617827,109.77094017094,54,37,0.406593406593407,91
"175","Drexel",5750,5846,63.8888888888889,64.9555555555555,125.380774032459,151.548564294632,50,40,0.444444444444444,90
"176","Duke",7765,6455,79.234693877551,65.8673469387755,118.53197980223,139.14717020829,16,82,0.836734693877551,98
"177","Duquesne",6441,6783,70.7802197802198,74.5384615384615,155.75115995116,121.606837606838,58,33,0.362637362637363,91
"178","Earlham",94,218,47,109,8,98,2,0,0,2
"179","East Carolina",6411,6390,70.4505494505494,70.2197802197802,185.516971916972,144.75115995116,46,45,0.494505494505495,91
"180","Eastern Oregon",152,181,76,90.5,242,364.5,2,0,0,2
"181","Eastern Univ",79,84,79,84,0,0,1,0,0,1
"182","Ecclesia",124,219,62,109.5,450,264.5,2,0,0,2
"183","Eckerd",114,148,57,74,8,8,2,0,0,2
"184","Edwardsville",5714,5952,68.0238095238095,70.8571428571429,180.577739529547,173.497418244406,54,30,0.357142857142857,84
"185","Edward Waters",263,366,65.75,91.5,12.9166666666667,153.666666666667,4,0,0,4
"186","E Illinois",5771,6086,63.4175824175824,66.8791208791209,147.490354090354,145.485225885226,52,39,0.428571428571429,91
"187","E Kentucky",6867,6139,74.6413043478261,66.7282608695652,152.540253225036,135.386884854276,28,64,0.695652173913043,92
"188","Elmhurst",49,83,49,83,0,0,1,0,0,1
"189","Elon",6634,6456,71.3333333333333,69.4193548387097,187.550724637681,97.9852734922861,42,51,0.548387096774194,93
"190","Emerson",50,83,50,83,0,0,1,0,0,1
"191","E Michigan",6211,5998,64.0309278350515,61.8350515463918,148.863616838488,177.889175257732,44,53,0.54639175257732,97
"192","Emory & Henry",58,83,58,83,0,0,1,0,0,1
"193","Emporia St",131,169,65.5,84.5,480.5,144.5,1,1,0.5,2
"194","Erskine",50,92,50,92,0,0,1,0,0,1
"195","ETSU",6588,6825,70.8387096774194,73.3870967741936,220.984572230014,139.370266479663,50,43,0.462365591397849,93
"196","Eureka",141,240,47,80,61,1,3,0,0,3
"197","Evansville",6463,6332,68.7553191489362,67.3617021276596,193.520132692748,139.201098146877,44,50,0.531914893617021,94
"198","Evergreen St",230,425,57.5,106.25,87,210.916666666667,4,0,0,4
"199","E Washington",7254,7143,75.5625,74.40625,156.417105263158,138.770065789474,45,51,0.53125,96
"200","Fairfield",5787,6130,61.563829787234,65.2127659574468,100.33459162663,144.599405170442,63,31,0.329787234042553,94
"201","Fayetteville St",78,96,78,96,0,0,1,0,0,1
"202","F Dickinson",6147,6936,67.5494505494506,76.2197802197802,139.583638583639,134.084493284493,66,25,0.274725274725275,91
"203","FDU Madison",61,102,61,102,0,0,1,0,0,1
"204","Ferris St",82,68,82,68,0,0,0,1,1,1
"205","Ferrum",112,200,56,100,128,72,2,0,0,2
"206","Fisher",201,306,67,102,9,63,3,0,0,3
"207","Fisk",210,298,70,99.3333333333333,175,456.333333333333,3,0,0,3
"208","Flagler",61,75,61,75,0,0,1,0,0,1
"209","FL Atlantic",5865,6159,64.4505494505494,67.6813186813187,101.228083028083,111.086202686203,59,32,0.351648351648352,91
"210","FL Gulf Coast",6776,6324,70.5833333333333,65.875,116.814035087719,156.3,32,64,0.666666666666667,96
"211","FL Memorial",130,174,65,87,578,338,2,0,0,2
"212","Florida",6666,5549,68.7216494845361,57.2061855670103,82.9946305841924,113.95704467354,25,72,0.742268041237113,97
"213","Florida A&M",5653,6527,63.5168539325843,73.3370786516854,182.366189989785,131.339632277835,67,22,0.247191011235955,89
"214","Florida Col",153,250,51,83.3333333333333,333,344.333333333333,3,0,0,3
"215","Florida Intl",6205,6356,66.7204301075269,68.3440860215054,109.007947639084,137.423796166433,46,47,0.505376344086022,93
"216","Florida National",178,247,59.3333333333333,82.3333333333333,4.33333333333333,80.3333333333333,3,0,0,3
"217","Florida St",6529,6425,68.0104166666667,66.9270833333333,165.063048245614,95.563048245614,43,53,0.552083333333333,96
"218","Florida Tech",119,154,59.5,77,4.5,0,2,0,0,2
"219","Fordham",6236,6916,67.0537634408602,74.3655913978495,108.89925198691,120.995324918186,66,27,0.290322580645161,93
"220","Fort Valley St",243,315,60.75,78.75,62.9166666666667,4.91666666666667,4,0,0,4
"221","Franklin Pierce",138,203,69,101.5,288,112.5,2,0,0,2
"222","Fresno Pacific",46,81,46,81,0,0,1,0,0,1
"223","Fresno St",6069,6128,65.9673913043478,66.6086956521739,162.932990922121,166.438604873387,51,41,0.445652173913043,92
"224","Furman",5641,6372,62.6777777777778,70.8,151.546691635456,128.251685393258,66,24,0.266666666666667,90
"225","Gardner Webb",6770,6541,71.2631578947368,68.8526315789474,151.940649496081,156.616349384099,40,55,0.578947368421053,95
"226","Ga Southern",6173,6084,66.3763440860215,65.4193548387097,160.93291257597,149.05049088359,46,47,0.505376344086022,93
"227","George Mason",6159,6321,66.945652173913,68.7065217391304,100.337673196369,128.693143812709,55,37,0.402173913043478,92
"228","Georgetown",6254,5720,68.7252747252747,62.8571428571429,135.090354090354,141.834920634921,29,62,0.681318681318681,91
"229","Georgia",6279,6093,66.0947368421053,64.1368421052632,119.703695408735,132.842777155655,40,55,0.578947368421053,95
"230","Georgia St",6980,6319,72.7083333333333,65.8229166666667,155.050877192982,178.378837719298,32,64,0.666666666666667,96
"231","Georgia Tech",6091,6055,64.7978723404255,64.4148936170213,110.958705101807,126.223861816518,50,44,0.468085106382979,94
"232","Goldey Beacom",50,103,50,103,0,0,1,0,0,1
"233","Gonzaga",7632,6087,77.8775510204082,62.1122448979592,137.345676414896,124.203766042499,10,88,0.897959183673469,98
"234","Goshen",55,82,55,82,0,0,1,0,0,1
"235","Goucher",204,390,51,97.5,56.6666666666667,8.33333333333333,4,0,0,4
"236","Grace Bib",43,77,43,77,0,0,1,0,0,1
"237","Graceland",85,112,85,112,0,0,1,0,0,1
"238","Grambling",4752,6500,55.9058823529412,76.4705882352941,166.110084033613,158.490196078431,78,7,0.0823529411764706,85
"239","Grand Canyon",4224,4196,70.4,69.9333333333333,113.261016949153,119.554802259887,28,32,0.533333333333333,60
"240","Greensboro",312,440,62.4,88,121.3,21.5,5,0,0,5
"241","Greenville",105,167,52.5,83.5,24.5,112.5,2,0,0,2
"242","Guilford",49,76,49,76,0,0,1,0,0,1
"243","G Washington",6482,6054,68.9574468085106,64.4042553191489,149.611072981011,108.867078471746,36,58,0.617021276595745,94
"244","Gwynedd-Mercy",149,179,74.5,89.5,144.5,84.5,2,0,0,2
"245","Hampden-Sydney",53,82,53,82,0,0,1,0,0,1
"246","Hampton",6289,6272,67.6236559139785,67.4408602150538,152.172043010753,112.031790556335,45,48,0.516129032258065,93
"247","Hannibal-Lagr",49,86,49,86,0,0,1,0,0,1
"248","Hardin-Simmons",59,104,59,104,0,0,1,0,0,1
"249","Harris-Stowe",122,198,61,99,50,50,2,0,0,2
"250","Hartford",5767,5867,62.6847826086956,63.7717391304348,114.196249402771,122.639632107023,44,48,0.521739130434783,92
"251","Hartwick",51,82,51,82,0,0,1,0,0,1
"252","Harvard",5931,5209,68.9651162790698,60.5697674418605,144.410533515732,143.800957592339,20,66,0.767441860465116,86
"253","Haskell",106,197,53,98.5,242,40.5,2,0,0,2
"254","Haverford",65,81,65,81,0,0,1,0,0,1
"255","Hawaii",7137,6729,75.1263157894737,70.8315789473684,128.622172452408,120.311758118701,37,58,0.610526315789474,95
"256","Hawaii Hilo",134,203,67,101.5,32,312.5,2,0,0,2
"257","Hawaii Pacific",109,147,54.5,73.5,40.5,12.5,2,0,0,2
"258","Heidelberg",57,85,57,85,0,0,1,0,0,1
"259","Hendrix",59,109,59,109,0,0,1,0,0,1
"260","High Point",6292,6079,71.5,69.0795454545455,142.735632183908,118.763714733542,35,53,0.602272727272727,88
"261","Hillsdale",124,204,62,102,72,200,2,0,0,2
"262","Hillsdale Bap",277,511,55.4,102.2,11.3,136.7,5,0,0,5
"263","Hiwassee",407,631,58.1428571428571,90.1428571428571,73.1428571428571,129.142857142857,7,0,0,7
"264","Hofstra",6589,6628,68.6354166666667,69.0416666666667,181.434100877193,190.419298245614,60,36,0.375,96
"265","Holy Cross",5958,6032,64.7608695652174,65.5652173913043,154.711419015767,152.270425226947,47,45,0.489130434782609,92
"266","Holy Names",96,137,48,68.5,72,264.5,2,0,0,2
"267","Hood",51,78,51,78,0,0,1,0,0,1
"268","Hope Intl",74,86,74,86,0,0,1,0,0,1
"269","Houghton",51,80,51,80,0,0,1,0,0,1
"270","Houston",6580,6560,70.752688172043,70.5376344086021,156.340345956054,136.990416082281,46,47,0.505376344086022,93
"271","Houston Bap",5627,6132,66.9880952380952,73,177.361302352266,181.807228915663,57,27,0.321428571428571,84
"272","Howard",5478,6025,58.9032258064516,64.7849462365591,165.39270687237,148.192379616643,63,30,0.32258064516129,93
"273","Howard Payne",200,370,50,92.5,108.666666666667,348.333333333333,4,0,0,4
"274","Huston-Tillot",633,892,63.3,89.2,93.3444444444444,47.2888888888889,10,0,0,10
"275","Idaho",6672,6772,72.5217391304348,73.6086956521739,101.175346392738,96.6803631151457,52,40,0.434782608695652,92
"276","Idaho St",5631,5987,63.9886363636364,68.0340909090909,165.988375130617,110.148249738767,65,23,0.261363636363636,88
"277","IL Chicago",6133,6532,64.5578947368421,68.7578947368421,113.547144456887,153.547144456887,63,32,0.336842105263158,95
"278","Illinois",6506,6115,67.7708333333333,63.6979166666667,164.262719298246,106.949890350877,38,58,0.604166666666667,96
"279","Illinois St",6738,6344,70.9263157894737,66.7789473684211,126.707278835386,152.365509518477,41,54,0.568421052631579,95
"280","IL Springfield",57,88,57,88,0,0,1,0,0,1
"281","Immaculata",54,79,54,79,0,0,1,0,0,1
"282","Incarnate Word",4446,4032,80.8363636363636,73.3090909090909,163.176430976431,182.032323232323,16,39,0.709090909090909,55
"283","Indiana",7373,6448,76.8020833333333,67.1666666666667,187.970942982456,123.824561403509,33,63,0.65625,96
"284","Indiana NW",104,190,52,95,2,98,2,0,0,2
"285","Indiana St",6348,6263,68.258064516129,67.3440860215054,96.7805049088359,110.619448340346,39,54,0.580645161290323,93
"286","Indiana Tech",50,93,50,93,0,0,1,0,0,1
"287","IN S Bend",55,91,55,91,0,0,1,0,0,1
"288","Iona",7814,7232,81.3958333333333,75.3333333333333,133.483771929825,117.00350877193,31,65,0.677083333333333,96
"289","Iowa",7038,6180,74.0842105263158,65.0526315789474,135.205599104143,171.497200447928,34,61,0.642105263157895,95
"290","Iowa St",7803,6921,80.4432989690722,71.3505154639175,102.624355670103,170.938359106529,25,72,0.742268041237113,97
"291","Iowa Wesleyan",204,370,51,92.5,162,73,4,0,0,4
"292","IPFW",6577,6313,70.7204301075269,67.8817204301075,201.573165030388,118.974988312295,40,53,0.56989247311828,93
"293","IU Kokomo",163,283,54.3333333333333,94.3333333333333,176.333333333333,34.3333333333333,3,0,0,3
"294","IUPUI",5904,6735,64.1739130434783,73.2065217391304,158.628762541806,147.967869087434,72,20,0.217391304347826,92
"295","Jackson St",5761,6089,64.0111111111111,67.6555555555556,125.674032459426,170.003620474407,58,32,0.355555555555556,90
"296","Jacksonville",6241,6798,68.5824175824176,74.7032967032967,168.290354090354,138.855433455433,57,34,0.373626373626374,91
"297","Jacksonville St",5638,5992,64.0681818181818,68.0909090909091,115.144723092999,116.221525600836,51,37,0.420454545454545,88
"298","James Madison",6122,6318,65.1276595744681,67.2127659574468,113.983527796843,145.438114847861,47,47,0.5,94
"299","Jarvis Chr",238,361,59.5,90.25,97.6666666666667,32.9166666666667,4,0,0,4
"300","Johnson Bib",51,130,51,130,0,0,1,0,0,1
"301","Johnson FL",41,97,41,97,0,0,1,0,0,1
"302","Johnson TN",89,205,44.5,102.5,12.5,924.5,2,0,0,2
"303","Judson IL",190,360,47.5,90,57,235.333333333333,4,0,0,4
"304","J&W NC",456,840,50.6666666666667,93.3333333333333,89.75,179.75,9,0,0,9
"305","J&W RI",65,75,65,75,0,0,1,0,0,1
"306","Kalamazoo",74,110,74,110,0,0,1,0,0,1
"307","Kansas",7362,6424,75.1224489795918,65.5510204081633,143.984851672628,130.043761834631,22,76,0.775510204081633,98
"308","Kansas St",6325,5995,67.2872340425532,63.7765957446809,116.443491191947,119.917295813315,35,59,0.627659574468085,94
"309","Kean",54,84,54,84,0,0,1,0,0,1
"310","Kennesaw",5874,6817,63.1612903225806,73.3010752688172,159.028050490884,124.451846657317,74,19,0.204301075268817,93
"311","Kent",6545,6283,68.8947368421053,66.1368421052632,107.776035834267,111.949160134379,39,56,0.589473684210526,95
"312","Kentucky",7419,6105,74.9393939393939,61.6666666666667,149.751391465677,163.204081632653,20,79,0.797979797979798,99
"313","Kentucky Chr",84,236,42,118,98,18,2,0,0,2
"314","Kentucky St",73,76,73,76,0,0,1,0,0,1
"315","Keystone",69,102,69,102,0,0,1,0,0,1
"316","King TN",76,90,76,90,0,0,1,0,0,1
"317","Lafayette",6793,6851,71.5052631578947,72.1157894736842,130.954759238522,160.592833146697,46,49,0.515789473684211,95
"318","LaGrange",69,102,69,102,0,0,1,0,0,1
"319","Lamar",6009,6848,66.032967032967,75.2527472527473,190.054456654457,141.102075702076,69,22,0.241758241758242,91
"320","Langston",145,170,72.5,85,112.5,98,2,0,0,2
"321","La Roche",42,89,42,89,0,0,1,0,0,1
"322","La Salle",6301,6085,67.752688172043,65.4301075268817,132.927302477793,95.0086489013558,40,53,0.56989247311828,93
"323","La Sierra",223,294,74.3333333333333,98,137.333333333333,3,3,0,0,3
"324","La Verne",113,179,56.5,89.5,840.5,12.5,2,0,0,2
"325","Lee-McRae",141,176,70.5,88,112.5,18,2,0,0,2
"326","Lehigh",6282,6116,69.032967032967,67.2087912087912,162.654456654457,107.011477411477,41,50,0.549450549450549,91
"327","LeMoyne-Owen",78,101,78,101,0,0,1,0,0,1
"328","Lesley",47,85,47,85,0,0,1,0,0,1
"329","Le Tourneau",76,92,76,92,0,0,1,0,0,1
"330","Lewis & Clark",49,71,49,71,0,0,1,0,0,1
"331","Lewis-Clark ID",81,87,81,87,0,0,1,0,0,1
"332","Liberty",6238,6523,67.0752688172043,70.1397849462366,132.331229546517,130.925899953249,65,28,0.301075268817204,93
"333","Limestone",135,169,67.5,84.5,4.5,84.5,2,0,0,2
"334","Lipscomb",6514,6922,72.3777777777778,76.9111111111111,154.597253433208,114.868414481898,50,40,0.444444444444444,90
"335","Long Beach St",6357,6461,68.3548387096774,69.4731182795699,148.774894810659,164.643291257597,46,47,0.505376344086022,93
"336","Long Island",6633,6901,72.8901098901099,75.8351648351648,120.010012210012,129.561416361416,51,40,0.43956043956044,91
"337","Longwood",6469,7337,68.0947368421053,77.2315789473684,161.724972004479,198.179843225084,71,24,0.252631578947368,95
"338","Louisiana Col",469,661,67,94.4285714285714,99.6666666666667,125.619047619048,7,0,0,7
"339","Louisiana Tech",7317,6258,75.4329896907217,64.5154639175258,170.081400343643,157.564862542955,20,77,0.793814432989691,97
"340","Louisville",7287,5776,75.1237113402062,59.5463917525773,180.276202749141,155.167096219931,18,79,0.814432989690722,97
"341","Loy Marymount",6056,6624,66.5494505494506,72.7912087912088,146.828083028083,85.1003663003663,63,28,0.307692307692308,91
"342","Loyola-Chicago",6021,6022,64.0531914893617,64.063829787234,128.22294669412,117.630290551361,51,43,0.457446808510638,94
"343","Loyola MD",5809,6117,63.8351648351648,67.2197802197802,153.339194139194,147.35115995116,48,43,0.472527472527473,91
"344","Loyola NO",171,260,57,86.6666666666667,49,6.33333333333333,3,0,0,3
"345","LSU",6828,6442,73.4193548387097,69.2688172043011,99.2244039270687,131.95956054231,34,59,0.634408602150538,93
"346","LSU-Alexandria",358,403,71.6,80.6,30.8,32.8,5,0,0,5
"347","Lyndon St",151,282,50.3333333333333,94,94.3333333333333,108,3,0,0,3
"348","Lyon",207,249,51.75,62.25,110.25,96.9166666666667,3,1,0.25,4
"349","Maine",5794,6697,65.8409090909091,76.1022727272727,142.273249738767,144.345741901776,69,19,0.215909090909091,88
"350","Malone",52,62,52,62,0,0,1,0,0,1
"351","MA Lowell",3498,3866,61.3684210526316,67.8245614035088,147.236842105263,137.897243107769,35,22,0.385964912280702,57
"352","Manchester",173,358,43.25,89.5,62.9166666666667,175,4,0,0,4
"353","Manhattan",6405,6162,68.8709677419355,66.258064516129,143.678821879383,122.780504908836,37,56,0.602150537634409,93
"354","Marist",6057,6455,65.1290322580645,69.4086021505376,188.4396914446,167.461664329126,64,29,0.311827956989247,93
"355","Marquette",6467,6216,68.7978723404255,66.1276595744681,182.65762983299,154.28460306566,41,53,0.563829787234043,94
"356","Marshall",6674,6950,69.5208333333333,72.3958333333333,197.76798245614,165.631140350877,61,35,0.364583333333333,96
"357","Mars Hill",266,369,66.5,92.25,508.333333333333,10.9166666666667,3,1,0.25,4
"358","Martin Meth",131,166,65.5,83,24.5,32,2,0,0,2
"359","Marygrove",96,210,48,105,32,968,2,0,0,2
"360","Maryland",6751,6221,70.3229166666667,64.8020833333333,111.378837719298,121.423574561404,32,64,0.666666666666667,96
"361","Massachusetts",6787,6597,72.9784946236559,70.9354838709677,106.912575970079,118.517531556802,33,60,0.645161290322581,93
"362","Mayville St",84,172,42,86,18,200,2,0,0,2
"363","McKendree",68,78,68,78,0,0,1,0,0,1
"364","McMurry",129,154,64.5,77,144.5,72,1,1,0.5,2
"365","McNeese St",5955,6433,67.6704545454545,73.1022727272727,170.683254963427,135.587121212121,52,36,0.409090909090909,88
"366","MD Baltimore Co",1759,2017,62.8214285714286,72.0357142857143,106.448412698413,115.739417989418,22,6,0.214285714285714,28
"367","MD E Shore",5652,6279,63.5056179775281,70.5505617977528,151.139172625128,184.20480081716,63,26,0.292134831460674,89
"368","ME Ft Kent",100,173,50,86.5,50,12.5,2,0,0,2
"369","Memphis",6960,6266,73.2631578947368,65.9578947368421,152.238521836506,133.040761478163,27,68,0.715789473684211,95
"370","Menlo",108,156,54,78,722,72,2,0,0,2
"371","Mercer",6978,6228,70.4848484848485,62.9090909090909,198.701298701299,167.471243042672,34,65,0.656565656565657,99
"372","Merchant Marine",54,89,54,89,0,0,1,0,0,1
"373","Mesa St",60,84,60,84,0,0,1,0,0,1
"374","Metro St",308,285,77,71.25,112,20.9166666666667,1,3,0.75,4
"375","Miami FL",6356,5843,66.2083333333333,60.8645833333333,142.777192982456,118.855153508772,34,62,0.645833333333333,96
"376","Miami OH",5906,6337,64.9010989010989,69.6373626373626,100.712332112332,143.478144078144,58,33,0.362637362637363,91
"377","Michigan",6764,6085,71.2,64.0526315789474,147.629787234043,110.284434490482,30,65,0.684210526315789,95
"378","Michigan St",7069,6160,72.1326530612245,62.8571428571429,129.930675362929,125.670103092784,26,72,0.73469387755102,98
"379","Mid-Atlantic Chr",62,133,62,133,0,0,1,0,0,1
"380","Mid-Continent",124,216,62,108,8,2,2,0,0,2
"381","Middle Tenn St",4552,3847,71.125,60.109375,183.793650793651,100.257688492063,13,51,0.796875,64
"382","MI Dearborn",118,197,59,98.5,128,112.5,2,0,0,2
"383","Mid Georgia",62,75,62,75,0,0,1,0,0,1
"384","Midwest TX St",61,70,61,70,0,0,1,0,0,1
"385","Miles",71,88,71,88,0,0,1,0,0,1
"386","Milligan",269,401,67.25,100.25,100.916666666667,220.25,4,0,0,4
"387","Millsaps",45,81,45,81,0,0,1,0,0,1
"388","Minnesota",6941,6394,71.5567010309278,65.9175257731959,178.936855670103,158.972293814433,39,58,0.597938144329897,97
"389","Mississippi",7260,6670,75.625,69.4791666666667,120.384210526316,163.704824561404,34,62,0.645833333333333,96
"390","Mississippi Col",110,162,55,81,72,72,2,0,0,2
"391","Mississippi St",6028,6481,63.4526315789474,68.2210526315789,153.441881298992,149.4718924972,59,36,0.378947368421053,95
"392","Missouri",6732,6536,70.125,68.0833333333333,189.015789473684,123.108771929825,43,53,0.552083333333333,96
"393","Missouri KC",6042,6616,64.9677419354839,71.1397849462366,165.140252454418,171.273726040206,62,31,0.333333333333333,93
"394","Missouri S&T",151,186,75.5,93,4.5,18,2,0,0,2
"395","Missouri St",5724,6078,62.2173913043478,66.0652173913043,161.622551361682,139.138557095079,53,39,0.423913043478261,92
"396","Missouri Val",76,87,76,87,0,0,1,0,0,1
"397","MIT",89,152,44.5,76,112.5,18,2,0,0,2
"398","Mitchell",68,104,68,104,0,0,1,0,0,1
"399","MN Crookston",117,139,58.5,69.5,40.5,60.5,2,0,0,2
"400","MN Duluth",109,170,54.5,85,12.5,98,2,0,0,2
"401","MN Morris",69,110,69,110,0,0,1,0,0,1
"402","Mobile",58,88,58,88,0,0,1,0,0,1
"403","Monmouth NJ",6351,6700,66.15625,69.7916666666667,121.459539473684,154.861403508772,57,39,0.40625,96
"404","Montana",6313,5992,70.9325842696629,67.3258426966292,93.7454034729316,143.131256384065,31,58,0.651685393258427,89
"405","Montana St",5909,6305,67.1477272727273,71.6477272727273,162.885971786834,135.219305120167,56,32,0.363636363636364,88
"406","Montreat And",451,762,56.375,95.25,80.2678571428571,143.357142857143,8,0,0,8
"407","Morehead St",6989,6698,72.8020833333333,69.7708333333333,226.981469298246,169.504824561403,47,49,0.510416666666667,96
"408","Morehouse",54,67,54,67,0,0,1,0,0,1
"409","Morgan St",6014,6291,66.8222222222222,69.9,124.080399500624,143.66404494382,54,36,0.4,90
"410","Morrisville St",52,88,52,88,0,0,1,0,0,1
"411","MS Valley St",6101,7215,66.3152173913043,78.4239130434783,154.98745819398,178.576564739608,72,20,0.217391304347826,92
"412","MT-Great Falls",61,80,61,80,0,0,1,0,0,1
"413","Mt Ida",102,175,51,87.5,72,420.5,2,0,0,2
"414","Mt Olive",75,77,75,77,0,0,1,0,0,1
"415","MT St-Billings",75,82,75,82,0,0,1,0,0,1
"416","Mt St Joseph",49,82,49,82,0,0,1,0,0,1
"417","Mt St Mary's",6496,6638,69.8494623655914,71.3763440860215,172.303179055633,158.802477793361,44,49,0.526881720430108,93
"418","Mt St Vincent",126,173,63,86.5,162,24.5,2,0,0,2
"419","MTSU",2229,2179,63.6857142857143,62.2571428571429,131.515966386555,116.843697478992,16,19,0.542857142857143,35
"420","MT Tech",44,86,44,86,0,0,1,0,0,1
"421","Mt Vernon Naz",40,86,40,86,0,0,1,0,0,1
"422","MT Western",140,177,70,88.5,32,12.5,2,0,0,2
"423","Murray St",6722,6014,76.3863636363636,68.3409090909091,156.699582027168,216.319226750261,25,63,0.715909090909091,88
"424","Navy",5406,5856,58.7608695652174,63.6521739130435,145.436693741042,104.602962255136,63,29,0.315217391304348,92
"425","NC A&T",5807,6314,61.7765957446809,67.1702127659574,141.444177533745,157.927705330588,62,32,0.340425531914894,94
"426","NC Central",6382,5265,69.3695652173913,57.2282608695652,226.147634973722,131.980291447683,20,72,0.782608695652174,92
"427","N Colorado",6377,6281,72.4659090909091,71.375,144.412617554859,125.754310344828,45,43,0.488636363636364,88
"428","NC State",7140,6703,72.8571428571429,68.3979591836735,143.628865979381,121.334841152956,35,63,0.642857142857143,98
"429","NC Wesleyan",240,343,60,85.75,198,360.916666666667,4,0,0,4
"430","N Dakota St",6287,5572,69.0879120879121,61.2307692307692,140.614407814408,162.157264957265,23,68,0.747252747252747,91
"431","Nebraska",5798,5936,62.3440860215054,63.8279569892473,137.641187470781,107.861383824217,47,46,0.494623655913978,93
"432","NE Omaha",6686,6881,75.9772727272727,78.1931818181818,168.413270637409,136.502481713689,50,38,0.431818181818182,88
"433","Nevada",6117,6495,66.4891304347826,70.5978260869565,134.098781653129,119.517797419971,57,35,0.380434782608696,92
"434","Newberry",170,211,85,105.5,200,180.5,2,0,0,2
"435","Newbury",51,97,51,97,0,0,1,0,0,1
"436","New Hampshire",5418,5541,61.5681818181818,62.9659090909091,143.098746081505,95.7114681295716,55,33,0.375,88
"437","Newman",57,105,57,105,0,0,1,0,0,1
"438","New Mexico",6495,5958,68.3684210526316,62.7157894736842,149.958566629339,116.248152295633,27,68,0.715789473684211,95
"439","New Mexico St",7004,6205,71.469387755102,63.3163265306122,138.231011992426,143.579318325268,29,69,0.704081632653061,98
"440","New Orleans",5331,5864,69.2337662337662,76.1558441558442,162.576213260424,176.001708817498,51,26,0.337662337662338,77
"441","Niagara",6633,7015,71.3225806451613,75.4301075268817,144.155680224404,170.356474988312,60,33,0.354838709677419,93
"442","Nicholls St",5832,6356,67.0344827586207,73.0574712643678,151.545308740978,115.054798182304,54,33,0.379310344827586,87
"443","Nichols",70,101,70,101,0,0,1,0,0,1
"444","N Illinois",5466,5787,60.7333333333333,64.3,162.759550561798,111.24606741573,57,33,0.366666666666667,90
"445","NJIT",5802,5605,70.7560975609756,68.3536585365854,182.186690755796,135.293134598013,39,43,0.524390243902439,82
"446","N Kentucky",5675,5864,65.9883720930233,68.1860465116279,169.611627906977,133.329685362517,53,33,0.383720930232558,86
"447","NM Highlands",67,75,67,75,0,0,1,0,0,1
"448","N Michigan",49,71,49,71,0,0,1,0,0,1
"449","N New Mexico",239,404,47.8,80.8,36.7,83.7,5,0,0,5
"450","Norfolk St",6748,6538,69.5670103092783,67.4020618556701,171.248067010309,151.701245704467,37,60,0.618556701030928,97
"451","North Alabama",61,82,61,82,0,0,1,0,0,1
"452","North Carolina",7444,6660,76.7422680412371,68.659793814433,149.776632302405,127.435137457045,29,68,0.701030927835051,97
"453","North Dakota",6335,6602,69.6153846153846,72.5494505494506,131.528205128205,154.405860805861,53,38,0.417582417582418,91
"454","Northeastern",6545,6464,68.1770833333333,67.3333333333333,102.715679824561,116.877192982456,43,53,0.552083333333333,96
"455","Northern Arizona",6472,6724,67.4166666666667,70.0416666666667,101.00350877193,164.040350877193,51,45,0.46875,96
"456","Northern Iowa",6359,5794,67.6489361702128,61.6382978723404,137.499084877602,177.566689544727,31,63,0.670212765957447,94
"457","North Florida",6871,6778,71.5729166666667,70.6041666666667,181.278837719298,127.989035087719,45,51,0.53125,96
"458","North Greenville",184,255,61.3333333333333,85,72.3333333333333,67,3,0,0,3
"459","Northland",59,83,59,83,0,0,1,0,0,1
"460","North Park",50,113,50,113,0,0,1,0,0,1
"461","North Texas",6162,6426,66.9782608695652,69.8478260869565,90.7247969421882,139.602962255136,51,41,0.445652173913043,92
"462","Northwest Chr",67,81,67,81,0,0,1,0,0,1
"463","Northwestern",5879,6121,61.2395833333333,63.7604166666667,146.415679824561,148.541995614035,54,42,0.4375,96
"464","Northwestern LA",7276,6989,83.632183908046,80.3333333333333,170.281742849505,180.434108527132,34,53,0.609195402298851,87
"465","Northwestern OH",55,102,55,102,0,0,1,0,0,1
"466","Northwest WA",58,84,58,84,0,0,1,0,0,1
"467","Northwood TX",289,335,72.25,83.75,254.916666666667,289.583333333333,4,0,0,4
"468","Notre Dame",7176,6441,73.979381443299,66.4020618556701,164.353737113402,124.805412371134,30,67,0.690721649484536,97
"469","Notre Dame CA",103,181,51.5,90.5,60.5,40.5,2,0,0,2
"470","Notre Dame OH",72,97,72,97,0,0,1,0,0,1
"471","Nova SE",128,122,64,61,338,8,1,1,0.5,2
"472","NW Nazarene",172,238,57.3333333333333,79.3333333333333,42.3333333333333,122.333333333333,3,0,0,3
"473","NW Oklahoma St",45,91,45,91,0,0,1,0,0,1
"474","NYIT",77,94,77,94,0,0,1,0,0,1
"475","Oakland",6915,7095,73.563829787234,75.4787234042553,136.829215282544,115.026424159231,51,43,0.457446808510638,94
"476","Oakland City",257,342,64.25,85.5,133.583333333333,57,4,0,0,4
"477","Oakwood",119,151,59.5,75.5,4.5,60.5,2,0,0,2
"478","Oberlin",108,148,54,74,2,18,2,0,0,2
"479","OH Dominican",64,76,64,76,0,0,1,0,0,1
"480","Ohio",6752,6441,71.0736842105263,67.8,114.749832026876,148.714893617021,39,56,0.589473684210526,95
"481","Ohio Mid-Western",48,98,48,98,0,0,1,0,0,1
"482","Ohio Northern",48,84,48,84,0,0,1,0,0,1
"483","Ohio St",6980,5852,71.9587628865979,60.3298969072165,147.644115120275,111.244201030928,26,71,0.731958762886598,97
"484","Ohio Valley",193,255,64.3333333333333,85,170.333333333333,97,3,0,0,3
"485","Oklahoma",7070,6415,75.2127659574468,68.2446808510638,138.513383665065,161.326584305651,29,65,0.691489361702128,94
"486","Oklahoma St",6923,6083,73.6489361702128,64.7127659574468,141.456074124914,155.927362159689,32,62,0.659574468085106,94
"487","Old Dominion",6066,6013,64.531914893617,63.968085106383,101.714024250744,130.590368336765,49,45,0.478723404255319,94
"488","Old Westbury",49,83,49,83,0,0,1,0,0,1
"489","Olivet Naz",120,143,60,71.5,0,40.5,2,0,0,2
"490","Open Bible",205,380,51.25,95,50.9166666666667,30,4,0,0,4
"491","Oral Roberts",6670,6478,70.2105263157895,68.1894736842105,137.870100783875,107.240313549832,43,52,0.547368421052632,95
"492","Oregon",7405,6745,76.340206185567,69.5360824742268,178.455970790378,181.772121993127,26,71,0.731958762886598,97
"493","Oregon St",6456,6332,69.4193548387097,68.0860215053764,153.159186535764,141.992519869098,46,47,0.505376344086022,93
"494","Ouachita",60,84,60,84,0,0,1,0,0,1
"495","Our Lady Lake",221,260,73.6666666666667,86.6666666666667,196.333333333333,182.333333333333,3,0,0,3
"496","Pace",54,94,54,94,0,0,1,0,0,1
"497","Pacific",6121,6257,68.0111111111111,69.5222222222222,118.438077403246,106.252309612984,46,44,0.488888888888889,90
"498","Pacifica",179,281,59.6666666666667,93.6666666666667,169.333333333333,202.333333333333,3,0,0,3
"499","Pacific OR",58,87,58,87,0,0,1,0,0,1
"500","Pacific Union",56,81,56,81,0,0,1,0,0,1
"501","Pac Lutheran",114,217,38,72.3333333333333,25,42.3333333333333,3,0,0,3
"502","Paine",75,80,75,80,0,0,1,0,0,1
"503","Palm Beach Atl",85,96,85,96,0,0,1,0,0,1
"504","Peace",71,88,71,88,0,0,1,0,0,1
"505","Penn",5487,6023,63.8023255813954,70.0348837209302,121.148700410397,104.881121751026,60,26,0.302325581395349,86
"506","Penn St",6405,6551,66.71875,68.2395833333333,141.088486842105,142.773574561404,53,43,0.447916666666667,96
"507","Pensacola Chr",61,88,61,88,0,0,1,0,0,1
"508","Pepperdine",5945,6057,66.0555555555556,67.3,99.2440699126092,137.62808988764,46,44,0.488888888888889,90
"509","Permian Basin",82,77,82,77,0,0,0,1,1,1
"510","Peru St",102,166,51,83,242,18,2,0,0,2
"511","Pfeiffer",102,163,51,81.5,128,0.5,2,0,0,2
"512","Philadelphia",50,67,50,67,0,0,1,0,0,1
"513","Piedmont",120,170,60,85,288,18,2,0,0,2
"514","Piedmont Bap",62,159,31,79.5,8,24.5,2,0,0,2
"515","Pittsburgh",6857,6002,69.969387755102,61.2448979591837,130.648537765622,130.475489164738,30,68,0.693877551020408,98
"516","Portland",6300,6398,68.4782608695652,69.5434782608696,166.010511227903,131.723363592929,51,41,0.445652173913043,92
"517","Portland St",6105,6227,70.9883720930233,72.4069767441861,136.388098495212,96.2441860465116,48,38,0.441860465116279,86
"518","Prairie View",6278,6799,66.0842105263158,71.5684210526316,177.716237402016,211.141545352744,59,36,0.378947368421053,95
"519","Presbyterian",5719,6670,62.1630434782609,72.5,148.291806020067,142.67032967033,71,21,0.228260869565217,92
"520","Presentation",81,152,40.5,76,144.5,8,2,0,0,2
"521","Princeton",5733,5320,68.25,63.3333333333333,98.0933734939759,128.995983935743,33,51,0.607142857142857,84
"522","Providence",6841,6457,70.5257731958763,66.5670103092783,95.7102663230241,127.435567010309,35,62,0.639175257731959,97
"523","PSU-Beaver",74,106,74,106,0,0,1,0,0,1
"524","PSU-Harrisburg",42,67,42,67,0,0,1,0,0,1
"525","PSU Mont Alto",74,100,74,100,0,0,1,0,0,1
"526","Purdue",6655,6424,69.3229166666667,66.9166666666667,122.641995614035,188.287719298246,45,51,0.53125,96
"527","Purdue Calumet",133,194,66.5,97,60.5,162,2,0,0,2
"528","Quincy",57,99,57,99,0,0,1,0,0,1
"529","Quinnipiac",6770,6625,73.5869565217391,72.0108695652174,149.893454371715,161.571309125657,42,50,0.543478260869565,92
"530","Radford",6727,6519,72.3333333333333,70.0967741935484,193.615942028986,115.544880785414,41,52,0.559139784946237,93
"531","Randolph Col",98,143,49,71.5,32,12.5,2,0,0,2
"532","Regis CO",35,70,35,70,0,0,1,0,0,1
"533","Reinhardt",273,410,68.25,102.5,146.916666666667,111,4,0,0,4
"534","Rhode Island",6034,5962,65.5869565217391,64.804347826087,111.365981844243,109.12613473483,48,44,0.478260869565217,92
"535","Rhodes",53,90,53,90,0,0,1,0,0,1
"536","Rice",5579,6182,61.9888888888889,68.6888888888889,138.685268414482,102.351560549313,67,23,0.255555555555556,90
"537","Richmond",6478,6151,67.4791666666667,64.0729166666667,121.431140350877,112.868311403509,40,56,0.583333333333333,96
"538","Rider",6393,6394,68.0106382978723,68.0212765957447,133.343971631206,155.139327385038,41,53,0.563829787234043,94
"539","Rio Grande",135,205,67.5,102.5,180.5,544.5,2,0,0,2
"540","R Morris Spfd",134,206,67,103,242,2,2,0,0,2
"541","Roanoke",74,93,74,93,0,0,1,0,0,1
"542","Robert Morris",7063,6824,70.63,68.24,117.447575757576,132.002424242424,37,63,0.63,100
"543","Rochester MI",364,555,52,79.2857142857143,74.3333333333333,77.9047619047619,7,0,0,7
"544","Rockhurst",214,302,53.5,75.5,97.6666666666667,51,4,0,0,4
"545","Roosevelt",132,176,66,88,2,2,2,0,0,2
"546","Rowan",48,96,48,96,0,0,1,0,0,1
"547","Rutgers",6135,6591,65.2659574468085,70.1170212765958,192.863989933654,138.749599633951,58,36,0.382978723404255,94
"548","Sacred Heart",6558,6957,71.2826086956522,75.6195652173913,132.029144768275,122.172360248447,63,29,0.315217391304348,92
"549","Salisbury St",55,95,55,95,0,0,1,0,0,1
"550","Salve Regina",55,82,55,82,0,0,1,0,0,1
"551","Samford",6390,6841,67.2631578947368,72.0105263157895,123.493840985442,153.138185890258,59,36,0.378947368421053,95
"552","Sam Houston St",6667,6038,70.9255319148936,64.2340425531915,217.618050789293,177.34248455731,34,60,0.638297872340426,94
"553","San Diego",5980,5960,65,64.7826086956522,97.5384615384615,99.5785953177258,49,43,0.467391304347826,92
"554","San Diego Chr",817,1211,54.4666666666667,80.7333333333333,56.552380952381,73.4952380952381,15,0,0,15
"555","San Diego St",6356,5384,66.9052631578947,56.6736842105263,152.36326987682,136.988129899216,21,74,0.778947368421053,95
"556","San Francisco",6483,6331,71.2417582417582,69.5714285714286,133.852014652015,151.647619047619,44,47,0.516483516483517,91
"557","San Jose St",5209,6186,59.1931818181818,70.2954545454545,149.467998955068,89.8197492163009,71,17,0.193181818181818,88
"558","Santa Barbara",6076,5880,67.5111111111111,65.3333333333333,134.477403245943,153.820224719101,41,49,0.544444444444444,90
"559","Santa Clara",6482,6428,68.9574468085106,68.3829787234042,118.965911690689,164.303363074811,47,47,0.5,94
"560","Sarah Lawrence",55,90,55,90,0,0,1,0,0,1
"561","S Arkansas",176,255,58.6666666666667,85,49.3333333333333,91,3,0,0,3
"562","Savannah St",5304,5740,57.6521739130435,62.3913043478261,136.22933588151,161.141901576684,54,38,0.41304347826087,92
"563","S Carolina St",5437,6329,60.4111111111111,70.3222222222222,134.334706616729,134.265792759051,66,24,0.266666666666667,90
"564","Schreiner",121,164,60.5,82,312.5,648,2,0,0,2
"565","SC Upstate",6953,6393,71.680412371134,65.9072164948454,142.053049828179,129.439218213058,42,55,0.56701030927835,97
"566","S Dakota St",6700,6120,72.8260869565217,66.5217391304348,94.3650262780698,141.087434304826,31,61,0.66304347826087,92
"567","S Dakota Tech",41,79,41,79,0,0,1,0,0,1
"568","Seattle",5932,5982,66.6516853932584,67.2134831460674,135.20684371808,238.692543411645,53,36,0.404494382022472,89
"569","Selma AL",151,173,75.5,86.5,264.5,312.5,2,0,0,2
"570","SE Louisiana",6020,6410,66.8888888888889,71.2222222222222,167.785268414482,164.78152309613,58,32,0.355555555555556,90
"571","SE Missouri St",6855,6670,75.3296703296703,73.2967032967033,211.245665445665,143.277655677656,46,45,0.494505494505495,91
"572","SE Oklahoma",69,66,69,66,0,0,0,1,1,1
"573","Seton Hall",6588,6515,68.625,67.8645833333333,122.026315789474,112.476206140351,49,47,0.489583333333333,96
"574","Sewanee",49,66,49,66,0,0,1,0,0,1
"575","SF Austin",6717,5472,73.8131868131868,60.1318681318681,177.686935286935,125.071306471306,9,82,0.901098901098901,91
"576","S Francisco St",158,219,52.6666666666667,73,105.333333333333,57,3,0,0,3
"577","Shenandoah",62,87,62,87,0,0,1,0,0,1
"578","Siena",6190,6632,66.5591397849462,71.3118279569892,99.3578775128565,126.934315100514,60,33,0.354838709677419,93
"579","Siena Hts",47,83,47,83,0,0,1,0,0,1
"580","S Illinois",5987,6148,63.0210526315789,64.7157894736842,102.127211646137,91.7800671892497,56,39,0.410526315789474,95
"581","Simpson CA",164,277,54.6666666666667,92.3333333333333,184.333333333333,324.333333333333,3,0,0,3
"582","Simpson IA",62,84,62,84,0,0,1,0,0,1
"583","SMU",6506,5872,68.4842105263158,61.8105263157895,85.3375139977604,99.3254199328107,31,64,0.673684210526316,95
"584","Sonoma St",192,244,64,81.3333333333333,63,162.333333333333,3,0,0,3
"585","South Alabama",6257,6450,68.7582417582418,70.8791208791209,154.118681318681,133.751892551893,52,39,0.428571428571429,91
"586","South Carolina",6525,6557,66.5816326530612,66.9081632653061,143.256154007995,104.146118241111,53,45,0.459183673469388,98
"587","South Dakota",6288,6486,69.8666666666667,72.0666666666667,179.240449438202,143.501123595506,53,37,0.411111111111111,90
"588","Southeastern FL",99,181,49.5,90.5,24.5,4.5,2,0,0,2
"589","Southern Miss",6273,5965,68.1847826086957,64.8369565217391,182.899546106068,120.247849976111,35,57,0.619565217391304,92
"590","Southern N.O.",108,163,54,81.5,162,112.5,2,0,0,2
"591","Southern Poly",78,97,78,97,0,0,1,0,0,1
"592","Southern Univ",6351,5923,67.563829787234,63.0106382978723,215.108785175017,157.795584534431,39,55,0.585106382978723,94
"593","Southern Utah",5572,6355,64.7906976744186,73.8953488372093,139.085088919289,138.824213406293,65,21,0.244186046511628,86
"594","South Florida",5850,6335,62.2340425531915,67.3936170212766,137.407000686342,91.5100663463738,61,33,0.351063829787234,94
"595","Spring Hill",280,374,56,74.8,93.5,92.2,5,0,0,5
"596","St Andrew's",408,739,45.3333333333333,82.1111111111111,79.75,478.361111111111,9,0,0,9
"597","Stanford",6937,6476,72.2604166666667,67.4583333333333,102.573574561404,147.008771929825,38,58,0.604166666666667,96
"598","St Bonaventure",6615,6406,71.1290322580645,68.8817204301075,139.091865357644,135.235857877513,43,50,0.537634408602151,93
"599","St Catharine",130,182,65,91,50,50,2,0,0,2
"600","St Edward's",239,297,59.75,74.25,86.25,192.916666666667,4,0,0,4
"601","Stetson",5954,6583,66.1555555555556,73.1444444444444,117.076654182272,123.90024968789,61,29,0.322222222222222,90
"602","St Francis IL",93,155,46.5,77.5,60.5,364.5,2,0,0,2
"603","St Francis NY",6659,6460,69.3645833333333,67.2916666666667,80.4656798245614,108.587719298246,43,53,0.552083333333333,96
"604","St Francis PA",5717,6250,62.8241758241758,68.6813186813187,141.990964590965,94.8417582417582,60,31,0.340659340659341,91
"605","Stillman",358,473,71.6,94.6,246.8,365.3,5,0,0,5
"606","St John's",6576,6297,69.9574468085106,66.9893617021277,123.460535346603,151.386982383894,37,57,0.606382978723404,94
"607","St Joseph's IN",115,187,57.5,93.5,24.5,612.5,2,0,0,2
"608","St Joseph's NY",60,79,60,79,0,0,1,0,0,1
"609","St Joseph's PA",6216,6051,66.8387096774194,65.0645161290323,120.767180925666,139.821879382889,39,54,0.580645161290323,93
"610","St Katherine",549,1066,49.9090909090909,96.9090909090909,113.290909090909,298.490909090909,11,0,0,11
"611","St Louis",6218,5832,66.1489361702128,62.0425531914894,97.396934339968,108.664836421871,33,61,0.648936170212766,94
"612","St Martin's",57,73,57,73,0,0,1,0,0,1
"613","St Mary's CA",6730,5975,72.3655913978495,64.247311827957,142.843151005143,95.4490416082281,25,68,0.731182795698925,93
"614","Stony Brook",6537,5876,68.09375,61.2083333333333,104.801644736842,146.90350877193,28,68,0.708333333333333,96
"615","St Peter's",5783,6008,61.5212765957447,63.9148936170213,68.7468542667582,75.7131091283459,55,39,0.414893617021277,94
"616","St Rose",38,84,38,84,0,0,1,0,0,1
"617","St Thomas TX",121,141,60.5,70.5,0.5,4.5,2,0,0,2
"618","St Xavier IL",76,87,76,87,0,0,1,0,0,1
"619","Suffolk",70,94,70,94,0,0,1,0,0,1
"620","Susquehanna",66,91,66,91,0,0,1,0,0,1
"621","S Vermont",41,86,41,86,0,0,1,0,0,1
"622","S Virginia",48,101,48,101,0,0,1,0,0,1
"623","SW Adventist",57,124,57,124,0,0,1,0,0,1
"624","SW Christian",79,109,79,109,0,0,1,0,0,1
"625","SW Minnesota",62,83,62,83,0,0,1,0,0,1
"626","SW Oklahoma",55,109,55,109,0,0,1,0,0,1
"627","SW Univ TX",61,80,61,80,0,0,1,0,0,1
"628","Syracuse",6518,5717,69.3404255319149,60.8191489361702,162.678563257836,135.311027224891,26,68,0.723404255319149,94
"629","Tabor",53,94,53,94,0,0,1,0,0,1
"630","TAM C. Christi",6020,6119,65.4347826086957,66.5108695652174,124.006688963211,122.31856187291,51,41,0.445652173913043,92
"631","Tampa",72,97,72,97,0,0,1,0,0,1
"632","Taylor IN",53,73,53,73,0,0,1,0,0,1
"633","TCU",5851,6190,62.2446808510638,65.8510638297872,158.595401509952,169.461450469,57,37,0.393617021276596,94
"634","Temple",6684,6521,70.3578947368421,68.6421052631579,136.827995520717,169.25352743561,40,55,0.578947368421053,95
"635","Tennessee",6384,5975,67.2,62.8947368421053,149.459574468085,117.669652855543,39,56,0.589473684210526,95
"636","Tennessee St",5810,6351,65.2808988764045,71.3595505617977,193.454290091931,126.391981613892,64,25,0.280898876404494,89
"637","Tennessee Tech",6305,6401,69.2857142857143,70.3406593406593,176.806349206349,139.382661782662,51,40,0.43956043956044,91
"638","Texas",6653,6254,69.3020833333333,65.1458333333333,134.107785087719,186.083771929825,38,58,0.604166666666667,96
"639","Texas A&M",6150,5885,65.4255319148936,62.6063829787234,152.913749714024,82.7573781743308,40,54,0.574468085106383,94
"640","Texas A&M Intl",139,180,69.5,90,364.5,450,2,0,0,2
"641","Texas Col",39,88,39,88,0,0,1,0,0,1
"642","Texas St",5915,6195,64.2934782608696,67.3369565217391,144.649187768753,154.269827998089,61,31,0.33695652173913,92
"643","Texas Tech",6031,6345,64.8494623655914,68.2258064516129,193.042309490416,129.524544179523,56,37,0.397849462365591,93
"644","The Master's",97,172,48.5,86,24.5,50,2,0,0,2
"645","Thiel",103,152,51.5,76,84.5,72,2,0,0,2
"646","Thomas Aquinas",104,179,52,89.5,18,760.5,2,0,0,2
"647","Thomas GA",309,436,61.8,87.2,66.2,24.7,5,0,0,5
"648","Thomas ME",36,84,36,84,0,0,1,0,0,1
"649","Tiffin",56,85,56,85,0,0,1,0,0,1
"650","TN Martin",6160,6580,70,74.7727272727273,139.931034482759,164.131661442006,55,33,0.375,88
"651","TN Temple",170,290,56.6666666666667,96.6666666666667,32.3333333333333,462.333333333333,3,0,0,3
"652","Toccoa Falls",285,424,57,84.8,179,316.7,5,0,0,5
"653","Toledo",7046,6678,74.9574468085106,71.0425531914894,130.965911690689,127.008922443377,32,62,0.659574468085106,94
"654","Tougaloo",149,162,74.5,81,84.5,128,2,0,0,2
"655","Towson",6494,6361,68.3578947368421,66.9578947368421,171.849272116461,117.679059350504,43,52,0.547368421052632,95
"656","Transylvania",63,74,63,74,0,0,1,0,0,1
"657","Trevecca Naz",132,179,66,89.5,200,84.5,2,0,0,2
"658","Trinity Bap",431,635,61.5714285714286,90.7142857142857,185.619047619048,182.238095238095,7,0,0,7
"659","Trinity Chr",52,75,52,75,0,0,1,0,0,1
"660","Trinity FL",173,275,57.6666666666667,91.6666666666667,105.333333333333,36.3333333333333,3,0,0,3
"661","Trinity IL",54,79,54,79,0,0,1,0,0,1
"662","Trinity TX",62,74,62,74,0,0,1,0,0,1
"663","Troy",5969,6240,65.5934065934066,68.5714285714286,136.132844932845,106.95873015873,59,32,0.351648351648352,91
"664","Truett-McConnell",166,247,55.3333333333333,82.3333333333333,2.33333333333333,74.3333333333333,3,0,0,3
"665","Truman St",137,158,68.5,79,0.5,2,2,0,0,2
"666","Tulane",6159,6232,65.5212765957447,66.2978723404255,183.28448867536,155.566231983528,45,49,0.521276595744681,94
"667","Tulsa",6394,6103,68.0212765957447,64.9255319148936,144.365133836651,189.295470144132,36,58,0.617021276595745,94
"668","Tusculum",230,374,57.5,93.5,416.333333333333,161,4,0,0,4
"669","Tuskegee",64,66,64,66,0,0,1,0,0,1
"670","TX A&M K'ville",77,82,77,82,0,0,1,0,0,1
"671","TX Lutheran",31,72,31,72,0,0,1,0,0,1
"672","TX Pan American",5737,6287,63.7444444444444,69.8555555555556,161.832833957553,117.360923845194,59,31,0.344444444444444,90
"673","TX Southern",7012,6743,71.5510204081633,68.8061224489796,166.414895855249,159.106353881759,40,58,0.591836734693878,98
"674","UAB",6740,6640,70.9473684210526,69.8947368421053,120.539753639418,138.818589025756,44,51,0.536842105263158,95
"675","UC Davis",6542,6574,71.1086956521739,71.4565217391304,107.152890587673,143.349737219302,44,48,0.521739130434783,92
"676","UCF",6273,6401,69.7,71.1222222222222,181.695505617978,147.321972534332,47,43,0.477777777777778,90
"677","UC Irvine",6667,6207,68.7319587628866,63.9896907216495,122.073238831615,147.072809278351,37,60,0.618556701030928,97
"678","UCLA",7484,6778,76.3673469387755,69.1632653061225,203.306964022722,84.6947191247633,29,69,0.704081632653061,98
"679","UC Merced",97,201,48.5,100.5,60.5,24.5,2,0,0,2
"680","UC Riverside",5726,6122,63.6222222222222,68.0222222222222,206.057927590512,138.583770287141,62,28,0.311111111111111,90
"681","UC San Diego",52,75,52,75,0,0,1,0,0,1
"682","UC Santa Cruz",43,73,43,73,0,0,1,0,0,1
"683","ULL",7440,7063,76.701030927835,72.8144329896907,199.315936426117,156.194372852234,44,53,0.54639175257732,97
"684","ULM",5420,5706,63.0232558139535,66.3488372093023,189.246511627907,111.123939808482,51,35,0.406976744186047,86
"685","UMBC",3650,4198,60.8333333333333,69.9666666666667,129.395480225989,114.710734463277,47,13,0.216666666666667,60
"686","UNC Asheville",6706,6561,73.6923076923077,72.0989010989011,123.793162393162,154.423443223443,46,45,0.494505494505495,91
"687","UNC Greensboro",6464,6735,70.2608695652174,73.2065217391304,138.56856187291,133.770066889632,61,31,0.33695652173913,92
"688","UNC Wilmington",6023,6398,65.4673913043478,69.5434782608696,156.383540372671,161.899187768753,56,36,0.391304347826087,92
"689","Univ of Southwest",51,111,51,111,0,0,1,0,0,1
"690","Univ Sciences",54,52,54,52,0,0,0,1,1,1
"691","UNLV",6816,6267,70.2680412371134,64.6082474226804,131.531572164948,121.719931271478,36,61,0.628865979381443,97
"692","Urbana",110,158,55,79,18,8,2,0,0,2
"693","Ursinus",51,79,51,79,0,0,1,0,0,1
"694","USC",6436,6775,67.7473684210526,71.3157894736842,106.807838745801,155.686450167973,58,37,0.389473684210526,95
"695","Utah",6476,5676,70.3913043478261,61.695652173913,213.471571906355,110.433827042523,36,56,0.608695652173913,92
"696","Utah St",6249,5936,67.9239130434783,64.5217391304348,121.719421882465,114.559961777353,36,56,0.608695652173913,92
"697","Utah Valley",5599,5803,63.625,65.9431818181818,185.501436781609,121.640412748171,47,41,0.465909090909091,88
"698","UT Arlington",6501,6487,70.6630434782609,70.5108695652174,177.302795031056,209.571309125657,44,48,0.521739130434783,92
"699","UTEP",6402,5930,67.3894736842105,62.4210526315789,108.04882418813,111.756998880179,33,62,0.652631578947368,95
"700","UT San Antonio",6041,6453,67.876404494382,72.5056179775281,125.882277834525,139.911899897855,59,30,0.337078651685393,89
"701","UT Tyler",167,252,55.6666666666667,84,58.3333333333333,91,3,0,0,3
"702","UVA-Wise",115,199,57.5,99.5,144.5,264.5,2,0,0,2
"703","VA Commonwealth",7506,6498,75.06,64.98,141.531717171717,98.5248484848485,24,76,0.76,100
"704","VA Intermont",181,259,60.3333333333333,86.3333333333333,4.33333333333333,72.3333333333333,3,0,0,3
"705","Valley City St",43,86,43,86,0,0,1,0,0,1
"706","Valparaiso",6912,6130,71.2577319587629,63.1958762886598,187.359965635739,156.034149484536,27,70,0.721649484536082,97
"707","VA-Lynchburg",184,313,61.3333333333333,104.333333333333,212.333333333333,114.333333333333,3,0,0,3
"708","Vanderbilt",6032,5865,64.8602150537634,63.0645161290323,137.165030388032,109.582748948107,45,48,0.516129032258065,93
"709","Vanguard",131,152,65.5,76,112.5,72,2,0,0,2
"710","Vermont",6164,5436,67,59.0869565217391,133.824175824176,161.354992833254,33,59,0.641304347826087,92
"711","Villanova",7143,6152,74.40625,64.0833333333333,141.780592105263,127.740350877193,18,78,0.8125,96
"712","Virginia",6326,5193,65.2164948453608,53.5360824742268,109.129725085911,147.251288659794,19,78,0.804123711340206,97
"713","Virginia Tech",6291,6679,66.2210526315789,70.3052631578947,172.237849944009,134.256886898096,62,33,0.347368421052632,95
"714","Virginia Union",84,92,84,92,0,0,1,0,0,1
"715","Viterbo",49,93,49,93,0,0,1,0,0,1
"716","VMI",7073,7017,81.2988505747126,80.6551724137931,298.863138198343,198.740176423416,47,40,0.459770114942529,87
"717","Voorhees",74,88,74,88,0,0,1,0,0,1
"718","Wagner",6405,6407,69.6195652173913,69.6413043478261,160.831700907788,183.397396082179,44,48,0.521739130434783,92
"719","Wake Forest",6540,6751,68.8421052631579,71.0631578947368,126.751399776036,140.804479283315,52,43,0.452631578947368,95
"720","Waldorf",109,185,54.5,92.5,264.5,112.5,2,0,0,2
"721","Walla Walla",223,466,44.6,93.2,71.8,107.7,5,0,0,5
"722","Warner",96,155,48,77.5,2,24.5,2,0,0,2
"723","Warren Wilson",292,572,48.6666666666667,95.3333333333333,48.6666666666667,135.066666666667,6,0,0,6
"724","Washington",6601,6548,70.2234042553192,69.6595744680851,133.487188286433,154.162434225578,44,50,0.531914893617021,94
"725","Washington MD",152,283,50.6666666666667,94.3333333333333,17.3333333333333,922.333333333333,3,0,0,3
"726","Washington St",6222,6405,66.9032258064516,68.8709677419355,197.153576437588,152.309256661992,56,37,0.397849462365591,93
"727","Wash & Lee",64,114,64,114,0,0,1,0,0,1
"728","Wayland",220,244,73.3333333333333,81.3333333333333,82.3333333333333,42.3333333333333,3,0,0,3
"729","Wayne St NE",180,250,60,83.3333333333333,61,54.3333333333333,3,0,0,3
"730","W Carolina",6744,6792,70.9894736842105,71.4947368421053,143.202015677492,150.061142217245,50,45,0.473684210526316,95
"731","Webber",119,188,59.5,94,40.5,450,2,0,0,2
"732","Weber St",6182,5706,71.0574712643678,65.5862068965517,121.589681903234,103.291900561347,33,54,0.620689655172414,87
"733","Wentworth Tech",46,69,46,69,0,0,1,0,0,1
"734","West Alabama",270,284,67.5,71,389.666666666667,24,2,2,0.5,4
"735","Western St CO",211,314,52.75,78.5,32.9166666666667,256.333333333333,4,0,0,4
"736","Westminster PA",57,108,57,108,0,0,1,0,0,1
"737","Westminster UT",66,73,66,73,0,0,1,0,0,1
"738","West Virginia",6894,6591,72.5684210526316,69.3789473684211,145.056438969765,132.280403135498,42,53,0.557894736842105,95
"739","Wheelock",91,206,45.5,103,0.5,98,2,0,0,2
"740","Wichita St",6958,5698,71.7319587628866,58.7422680412371,97.9899054982818,100.755798969072,11,86,0.88659793814433,97
"741","WI Green Bay",6465,5817,69.5161290322581,62.5483870967742,128.143758765778,123.228611500701,29,64,0.688172043010753,93
"742","Wilberforce",71,92,71,92,0,0,1,0,0,1
"743","Wiley",96,113,96,113,0,0,1,0,0,1
"744","Willamette",63,84,63,84,0,0,1,0,0,1
"745","William & Mary",6602,6346,71.7608695652174,68.9782608695652,141.942188246536,129.010511227903,40,52,0.565217391304348,92
"746","W Illinois",5100,5250,60.7142857142857,62.5,126.134251290878,142.253012048193,47,37,0.44047619047619,84
"747","Wilmington DE",65,62,65,62,0,0,0,1,1,1
"748","Wilmington OH",65,63,65,63,0,0,0,1,1,1
"749","WI Milwaukee",6211,6611,66.0744680851064,70.3297872340426,139.187943262411,113.105124685427,53,41,0.436170212765957,94
"750","Wingate",61,80,61,80,0,0,1,0,0,1
"751","Winthrop",6334,6162,69.6043956043956,67.7142857142857,164.708424908425,128.873015873016,42,49,0.538461538461538,91
"752","WI Parkside",81,90,81,90,0,0,1,0,0,1
"753","Wisconsin",6920,5775,70.6122448979592,58.9285714285714,146.054281506417,131.634020618557,20,78,0.795918367346939,98
"754","Wittenberg",55,77,55,77,0,0,1,0,0,1
"755","W Kentucky",6500,6327,69.1489361702128,67.3085106382979,132.902310684054,105.075840768703,39,55,0.585106382978723,94
"756","Wm Carey",170,261,56.6666666666667,87,30.3333333333333,133,3,0,0,3
"757","W Michigan",6592,6294,70.1276595744681,66.9574468085106,166.886753603294,125.589567604667,33,61,0.648936170212766,94
"758","Wm Jessup",100,169,50,84.5,32,0.5,2,0,0,2
"759","Wm Jewell",44,84,44,84,0,0,1,0,0,1
"760","W New Mexico",85,153,42.5,76.5,4.5,420.5,2,0,0,2
"761","Wofford",6170,5806,64.2708333333333,60.4791666666667,144.346929824561,98.4837719298246,36,60,0.625,96
"762","Wright St",6082,5923,64.7021276595745,63.0106382978723,104.68451155342,151.128917867765,45,49,0.521276595744681,94
"763","WV Tech",145,182,72.5,91,112.5,32,2,0,0,2
"764","WV Wesleyan",60,80,60,80,0,0,1,0,0,1
"765","Wyoming",5857,5511,62.3085106382979,58.6276595744681,112.968313886982,106.193205216198,35,59,0.627659574468085,94
"766","Xavier",6848,6420,70.5979381443299,66.1855670103093,142.034579037801,126.444372852234,38,59,0.608247422680412,97
"767","Yale",5892,5737,66.2022471910112,64.4606741573034,157.026813074566,100.274004085802,40,49,0.550561797752809,89
"768","Young Harris",135,165,67.5,82.5,364.5,264.5,2,0,0,2
"769","Youngstown St",6677,6737,72.5760869565217,73.2282608695652,132.422718585762,138.002269469661,52,40,0.434782608695652,92
